"data","n","p","method","seconds","lambda0","num_nonzeros","which_nonzeros","auc_train","auc_test","brier_train","brier_test","med_abs","max_abs"
"mushroom_data.csv",5686,113,"NLLCD",44.6715090274811,0,64,"3_5_6_9_10_11_12_15_16_17_18_19_20_21_22_23_24_26_27_28_29_35_42_44_45_46_50_51_52_53_54_57_58_60_61_62_63_64_65_68_69_70_74_77_78_79_85_87_88_89_90_95_96_97_102_103_104_105_106_107_109_111_112_113",1,1,6.43820859276621e-20,1.88961347498402e-16,1,10
"mushroom_data.csv",5686,113,"FasterRisk",2569.78992199898,NA,45,"3_6_9_10_13_16_17_19_22_23_24_25_26_27_28_29_34_35_44_45_46_53_54_57_58_61_68_69_77_78_79_84_86_90_92_93_94_97_102_105_106_107_108_109_112",1,1,1.52488075739429e-07,6.06987655231423e-07,0,6
