"names","vals"
"Intercept",-5.74724560180171
"V1",2.3660802654922
"V2",2.21904126228765
"V3",1.59857605583966
"V4",0.820548441261053
"V5",3.9696089620702
"V6",0
"V7",0
"V8",0
"V9",0
"V10",0
