"names","vals"
"Intercept",-46.7343953087814
"V1",7.81449691392481
"V2",6.31851923186332
"V3",1.4014958916232
"V4",5.44840027578175
"V5",5.05381389986724
"V6",4.58760147448629
"V7",3.77578633604571
"V8",9.32815444190055
"V9",4.35041588265449
"V10",3.41116597410291
"V11",9.62565129622817
"V12",9.46834524627775
"V13",6.46268998505548
"V14",0
"V15",0
"V16",0
"V17",0
"V18",0
"V19",0
"V20",0
"V21",0
"V22",0
"V23",0
"V24",0
"V25",0
