"names","vals"
"Intercept",-15.4445730551844
"V1",9.43210606463253
"V2",4.33249838883057
"V3",3.18385411985219
"V4",4.11660498939455
"V5",9.68791912076995
"V6",0
"V7",0
"V8",0
"V9",0
"V10",0
