"names","vals"
"Intercept",-39.3086132108651
"V1",9.22065390506759
"V2",9.9765746993944
"V3",9.6446027699858
"V4",3.77579411491752
"V5",0.604260072577745
"V6",2.33984554419294
"V7",2.96393488068134
"V8",8.6451136530377
"V9",7.89059710688889
"V10",7.0500574959442
"V11",2.98243220662698
"V12",0.314204113092273
"V13",9.05230046249926
"V14",0
"V15",0
"V16",0
"V17",0
"V18",0
"V19",0
"V20",0
"V21",0
"V22",0
"V23",0
"V24",0
"V25",0
