"names","vals"
"Intercept",-36.7806789983561
"V1",9.31650846032426
"V2",9.6338296844624
"V3",7.4022175418213
"V4",8.89466715045273
"V5",4.55590167548507
"V6",9.2289774119854
"V7",2.08497561048716
"V8",4.08729485003278
"V9",8.5802098736167
"V10",7.13038373272866
"V11",0.854381853714585
"V12",1.00935260299593
"V13",5.48131730873138
"V14",0
"V15",0
"V16",0
"V17",0
"V18",0
"V19",0
"V20",0
"V21",0
"V22",0
"V23",0
"V24",0
"V25",0
