"names","vals"
"Intercept",-34.0869673114891
"V1",1.95013945223764
"V2",1.40181488823146
"V3",8.58943661674857
"V4",8.22253979509696
"V5",8.1466565025039
"V6",9.68504566466436
"V7",0.519315802957863
"V8",9.2124935798347
"V9",1.88477318035439
"V10",0.023549604229629
"V11",4.79704733937979
"V12",0.665761400014162
"V13",7.16157106682658
"V14",0
"V15",0
"V16",0
"V17",0
"V18",0
"V19",0
"V20",0
"V21",0
"V22",0
"V23",0
"V24",0
"V25",0
