"names","vals"
"Intercept",-16.9061230999767
"V1",6.65677440818399
"V2",3.36378189735115
"V3",0.92576707713306
"V4",4.59428798640147
"V5",7.50143224839121
"V6",0
"V7",0
"V8",0
"V9",0
"V10",0
