"names","vals"
"Intercept",-7.75910478908769
"V1",8.36297449655831
"V2",4.01460784953088
"V3",1.42528782133013
"V4",4.83658955199644
"V5",3.44441185705364
"V6",0
"V7",0
"V8",0
"V9",0
"V10",0
