"names","vals"
"Intercept",-23.823745082525
"V1",4.3460499192588
"V2",1.30984249990433
"V3",1.13112672232091
"V4",2.62035378487781
"V5",0.551456981338561
"V6",0.256131114438176
"V7",2.73166587110609
"V8",3.80010871915147
"V9",7.53144398797303
"V10",9.84692939789966
"V11",3.52562073385343
"V12",3.96091171307489
"V13",0.0484760524705052
"V14",0
"V15",0
"V16",0
"V17",0
"V18",0
"V19",0
"V20",0
"V21",0
"V22",0
"V23",0
"V24",0
"V25",0
