"names","vals"
"Intercept",-23.5063773591772
"V1",1.77671152399853
"V2",0.535930376499891
"V3",4.58833599463105
"V4",1.6618877556175
"V5",2.33460469637066
"V6",9.1349324840121
"V7",8.39249543612823
"V8",5.31392947304994
"V9",5.45184947550297
"V10",0.624256099108607
"V11",9.74963940680027
"V12",0.782763918396086
"V13",6.55907868873328
"V14",0
"V15",0
"V16",0
"V17",0
"V18",0
"V19",0
"V20",0
"V21",0
"V22",0
"V23",0
"V24",0
"V25",0
