"names","vals"
"Intercept",-19.0157510721115
"V1",8.82536660414189
"V2",0.861345089506358
"V3",8.52534219855443
"V4",8.65357698639855
"V5",8.84667152306065
"V6",0
"V7",0
"V8",0
"V9",0
"V10",0
