"names","vals"
"Intercept",-14.3389536399511
"V1",6.71877208398655
"V2",5.230716036167
"V3",0.161142153665423
"V4",7.85908536985517
"V5",4.93339170701802
"V6",0
"V7",0
"V8",0
"V9",0
"V10",0
