"names","vals"
"Intercept",-11.131526784765
"V1",0.747670982964337
"V2",9.99348915182054
"V3",8.42173343757167
"V4",6.41488844761625
"V5",1.60842490149662
"V6",0
"V7",0
"V8",0
"V9",0
"V10",0
