"names","vals"
"Intercept",-9.91020134881769
"V1",4.73859868710861
"V2",9.07419974915683
"V3",3.17320646718144
"V4",8.03149573737755
"V5",0.555126897525042
"V6",0
"V7",0
"V8",0
"V9",0
"V10",0
