"names","vals"
"Intercept",-26.8104816094786
"V1",8.58085037907586
"V2",1.78162317723036
"V3",6.56329608755186
"V4",7.72585747065023
"V5",2.54410052206367
"V6",1.9406222505495
"V7",5.26310320943594
"V8",7.30128014460206
"V9",0.564534589648247
"V10",0.578999863937497
"V11",6.12205329816788
"V12",4.54975058557466
"V13",3.94352464936674
"V14",0
"V15",0
"V16",0
"V17",0
"V18",0
"V19",0
"V20",0
"V21",0
"V22",0
"V23",0
"V24",0
"V25",0
