"names","vals"
"Intercept",-8.03570641432501
"V1",2.21446383744478
"V2",2.07798794377595
"V3",7.35054523451254
"V4",1.11755231162533
"V5",0.154684672597796
"V6",0
"V7",0
"V8",0
"V9",0
"V10",0
