"names","vals"
"Intercept",-30.4322286956509
"V1",1.30849211942405
"V2",8.16978175193071
"V3",2.07620620261878
"V4",3.79632636904716
"V5",9.61142949294299
"V6",1.51107476791367
"V7",8.86734956642613
"V8",2.7205944666639
"V9",8.94137256545946
"V10",3.53475851472467
"V11",2.90958231082186
"V12",8.40897194575518
"V13",2.47816544258967
"V14",0
"V15",0
"V16",0
"V17",0
"V18",0
"V19",0
"V20",0
"V21",0
"V22",0
"V23",0
"V24",0
"V25",0
