"names","vals"
"Intercept",-22.0917321617839
"V1",1.31026316201314
"V2",7.62425916735083
"V3",1.63514649495482
"V4",0.0555407092906535
"V5",4.8451369558461
"V6",5.39678342174739
"V7",1.58957897219807
"V8",5.73550149565563
"V9",3.17457352066413
"V10",5.29717264231294
"V11",7.35690189525485
"V12",2.72133154328912
"V13",9.11288959207013
"V14",0
"V15",0
"V16",0
"V17",0
"V18",0
"V19",0
"V20",0
"V21",0
"V22",0
"V23",0
"V24",0
"V25",0
