"names","vals"
"Intercept",-38.5233318072589
"V1",5.70785789983347
"V2",0.22332327440381
"V3",7.89174646604806
"V4",4.31060678325593
"V5",2.64396419050172
"V6",2.54503569798544
"V7",8.01819330547005
"V8",5.1710514863953
"V9",4.78629771387205
"V10",7.41430918220431
"V11",7.25119834300131
"V12",2.06603402504697
"V13",9.44314928492531
"V14",0
"V15",0
"V16",0
"V17",0
"V18",0
"V19",0
"V20",0
"V21",0
"V22",0
"V23",0
"V24",0
"V25",0
