"names","vals"
"Intercept",-40.7725346661452
"V1",4.81645609484985
"V2",4.84704431379214
"V3",9.99926182674244
"V4",8.63649686565623
"V5",5.03035839414224
"V6",5.2628130861558
"V7",0.0756798987276852
"V8",1.24024756951258
"V9",3.74479017918929
"V10",8.27860997989774
"V11",8.92822389956564
"V12",6.81490166345611
"V13",5.33174822805449
"V14",0
"V15",0
"V16",0
"V17",0
"V18",0
"V19",0
"V20",0
"V21",0
"V22",0
"V23",0
"V24",0
"V25",0
