"names","vals"
"Intercept",-39.9288606642794
"V1",8.66859936155379
"V2",4.8228773730807
"V3",6.76764380186796
"V4",4.97271475382149
"V5",4.48490817565471
"V6",7.27991042891517
"V7",9.3299866002053
"V8",5.40363798849285
"V9",8.36431780830026
"V10",3.53718621190637
"V11",2.58895848644897
"V12",8.43360830796883
"V13",3.7365139555186
"V14",0
"V15",0
"V16",0
"V17",0
"V18",0
"V19",0
"V20",0
"V21",0
"V22",0
"V23",0
"V24",0
"V25",0
