"names","vals"
"Intercept",-12.3833086172013
"V1",6.09501287573949
"V2",4.96701158117503
"V3",4.23380347900093
"V4",5.91563804307953
"V5",2.56089359056205
"V6",0
"V7",0
"V8",0
"V9",0
"V10",0
