"names","vals"
"Intercept",-24.133558871353
"V1",8.76620555529371
"V2",0.0876079988665879
"V3",6.64803337072954
"V4",6.13163206027821
"V5",4.27708848146722
"V6",3.87566614896059
"V7",7.39434098126367
"V8",8.72383895330131
"V9",8.89795740833506
"V10",1.00902634672821
"V11",0.621429737657309
"V12",2.2985782334581
"V13",3.12424469972029
"V14",0
"V15",0
"V16",0
"V17",0
"V18",0
"V19",0
"V20",0
"V21",0
"V22",0
"V23",0
"V24",0
"V25",0
