"names","vals"
"Intercept",-36.7210343994932
"V1",0.221551922149956
"V2",6.87795353820547
"V3",9.06340495450422
"V4",7.91503016836941
"V5",5.95791838131845
"V6",7.16201985254884
"V7",9.18325927807018
"V8",3.04715276695788
"V9",5.4497283953242
"V10",4.25824003992602
"V11",1.33019207743928
"V12",6.42433947883546
"V13",6.29407413769513
"V14",0
"V15",0
"V16",0
"V17",0
"V18",0
"V19",0
"V20",0
"V21",0
"V22",0
"V23",0
"V24",0
"V25",0
