"names","vals"
"Intercept",-30.687726928786
"V1",7.4224977218546
"V2",0.511526318732649
"V3",5.55363060906529
"V4",3.76380033325404
"V5",9.85934861004353
"V6",4.58248501410708
"V7",9.7269052779302
"V8",7.87115845596418
"V9",9.31581708602607
"V10",1.06199576286599
"V11",0.134590114466846
"V12",5.5734452046454
"V13",2.30799439363182
"V14",0
"V15",0
"V16",0
"V17",0
"V18",0
"V19",0
"V20",0
"V21",0
"V22",0
"V23",0
"V24",0
"V25",0
