"names","vals"
"Intercept",-31.249914491833
"V1",8.40016856789589
"V2",1.68812082149088
"V3",8.66879986366257
"V4",4.38896761508659
"V5",7.67142427386716
"V6",5.18218802753836
"V7",0.997868550475687
"V8",0.0364863499999046
"V9",8.61182921566069
"V10",0.963649286422879
"V11",6.35779596399516
"V12",6.34458946529776
"V13",1.4763597259298
"V14",0
"V15",0
"V16",0
"V17",0
"V18",0
"V19",0
"V20",0
"V21",0
"V22",0
"V23",0
"V24",0
"V25",0
