"names","vals"
"Intercept",-37.8642839814313
"V1",5.74512212304398
"V2",9.52155686216429
"V3",2.49433255521581
"V4",0.56382960639894
"V5",4.78757384698838
"V6",8.08445043396205
"V7",3.14391900785267
"V8",8.33000950980932
"V9",3.94810638390481
"V10",3.2122369366698
"V11",8.71230947552249
"V12",7.54855005769059
"V13",6.53464505681768
"V14",0
"V15",0
"V16",0
"V17",0
"V18",0
"V19",0
"V20",0
"V21",0
"V22",0
"V23",0
"V24",0
"V25",0
