"names","vals"
"Intercept",-14.7296874049174
"V1",9.89111730596051
"V2",5.20680557237938
"V3",0.153982832562178
"V4",6.46466088015586
"V5",2.36163523048162
"V6",0
"V7",0
"V8",0
"V9",0
"V10",0
