"names","vals"
"Intercept",-17.4359991748701
"V1",1.97001991327852
"V2",3.12708038138226
"V3",4.89277137210593
"V4",9.05087659135461
"V5",7.52296881051734
"V6",0
"V7",0
"V8",0
"V9",0
"V10",0
