"names","vals"
"Intercept",-15.9551095555092
"V1",6.90975348697975
"V2",9.27674085833132
"V3",8.33063896046951
"V4",9.19025382725522
"V5",2.31957114068791
"V6",0
"V7",0
"V8",0
"V9",0
"V10",0
