"names","vals"
"Intercept",-39.6869924945109
"V1",3.01963793113828
"V2",4.28596575278789
"V3",6.59036100842059
"V4",5.70385816739872
"V5",5.10313188889995
"V6",7.92316570645198
"V7",7.83599105896428
"V8",0.713858993258327
"V9",4.35113267973065
"V10",5.13111432781443
"V11",8.80093720275909
"V12",2.6456778566353
"V13",9.96012231800705
"V14",0
"V15",0
"V16",0
"V17",0
"V18",0
"V19",0
"V20",0
"V21",0
"V22",0
"V23",0
"V24",0
"V25",0
