"names","vals"
"Intercept",-15.2445758136998
"V1",9.04028150485829
"V2",7.63192068086937
"V3",1.17785999784246
"V4",9.84741772757843
"V5",6.50839143199846
"V6",0
"V7",0
"V8",0
"V9",0
"V10",0
