"names","vals"
"Intercept",-5.39890579204075
"V1",3.73903530882671
"V2",0.984808565117419
"V3",3.42578744515777
"V4",6.02013963507488
"V5",0.853968746960163
"V6",0
"V7",0
"V8",0
"V9",0
"V10",0
