"names","vals"
"Intercept",-10.4043623271864
"V1",7.5542874308303
"V2",2.08591697271913
"V3",6.94673256017268
"V4",9.69573632348329
"V5",5.73699865490198
"V6",0
"V7",0
"V8",0
"V9",0
"V10",0
