"names","vals"
"Intercept",-28.5522763804284
"V1",7.43484382517636
"V2",2.931446027942
"V3",5.020077645313
"V4",6.15223990287632
"V5",4.25358187640086
"V6",2.31594025390223
"V7",7.97834030352533
"V8",8.9656337397173
"V9",1.21958828764036
"V10",5.24972014361992
"V11",3.64377562422305
"V12",5.37816034629941
"V13",9.67391881626099
"V14",0
"V15",0
"V16",0
"V17",0
"V18",0
"V19",0
"V20",0
"V21",0
"V22",0
"V23",0
"V24",0
"V25",0
