"names","vals"
"Intercept",-33.3653106619474
"V1",6.13178103230894
"V2",0.606960766017437
"V3",6.1888439534232
"V4",1.39722505584359
"V5",3.90875989804044
"V6",2.24261047784239
"V7",5.76038090046495
"V8",2.81412853393704
"V9",9.54851008718833
"V10",0.898743972647935
"V11",4.65714056743309
"V12",4.08529192209244
"V13",3.03411999251693
"V14",0
"V15",0
"V16",0
"V17",0
"V18",0
"V19",0
"V20",0
"V21",0
"V22",0
"V23",0
"V24",0
"V25",0
