"names","vals"
"Intercept",-10.6887749649119
"V1",0.46300292480737
"V2",7.0761316199787
"V3",4.19703611172736
"V4",2.45728500653058
"V5",5.68616229575127
"V6",0
"V7",0
"V8",0
"V9",0
"V10",0
