"names","vals"
"Intercept",-15.8982680634405
"V1",9.4295144523494
"V2",3.81837542867288
"V3",9.90204296074808
"V4",7.10108143743128
"V5",1.45095070591196
"V6",0
"V7",0
"V8",0
"V9",0
"V10",0
