"names","vals"
"Intercept",-18.429752876237
"V1",8.12840526225045
"V2",3.30405724933371
"V3",9.9526784173213
"V4",8.75469117425382
"V5",4.99576941365376
"V6",0
"V7",0
"V8",0
"V9",0
"V10",0
