"names","vals"
"Intercept",-10.6351689076672
"V1",3.60093505587429
"V2",2.13455790188164
"V3",2.32194508658722
"V4",6.40274200821295
"V5",2.5326007255353
"V6",0
"V7",0
"V8",0
"V9",0
"V10",0
