"names","vals"
"Intercept",-31.9427764088102
"V1",3.98883733199909
"V2",5.24588980711997
"V3",9.03843566309661
"V4",6.51093007996678
"V5",3.59089349629357
"V6",7.29202319169417
"V7",1.17466535884887
"V8",4.91299107670784
"V9",3.26012887526304
"V10",2.77680906001478
"V11",2.12693814653903
"V12",0.782744381576777
"V13",7.23476988030598
"V14",0
"V15",0
"V16",0
"V17",0
"V18",0
"V19",0
"V20",0
"V21",0
"V22",0
"V23",0
"V24",0
"V25",0
