"names","vals"
"Intercept",-12.7228313063621
"V1",3.46144787967205
"V2",8.41096031013876
"V3",3.04939890047535
"V4",4.06170999631286
"V5",9.31729938369244
"V6",0
"V7",0
"V8",0
"V9",0
"V10",0
