"names","vals"
"Intercept",-39.7688899513401
"V1",3.07313670171425
"V2",0.914068282581866
"V3",8.71126193553209
"V4",6.04781409958377
"V5",6.44812367158011
"V6",6.01220494136214
"V7",6.43043388845399
"V8",3.54692606488243
"V9",4.84102049609646
"V10",9.36959651298821
"V11",7.45823771925643
"V12",3.2917631464079
"V13",9.36535068089142
"V14",0
"V15",0
"V16",0
"V17",0
"V18",0
"V19",0
"V20",0
"V21",0
"V22",0
"V23",0
"V24",0
"V25",0
