"names","vals"
"Intercept",-27.1150546806287
"V1",2.9426055517979
"V2",6.95482312003151
"V3",9.27535582100973
"V4",0.688545946031809
"V5",2.39972419803962
"V6",6.02249671006575
"V7",8.54358053067699
"V8",1.73034464940429
"V9",9.22428227262571
"V10",0.0621340470388532
"V11",6.60746471490711
"V12",5.03938117763028
"V13",5.02945442218333
"V14",0
"V15",0
"V16",0
"V17",0
"V18",0
"V19",0
"V20",0
"V21",0
"V22",0
"V23",0
"V24",0
"V25",0
