"names","vals"
"Intercept",-39.4172984287551
"V1",7.26428508758545
"V2",9.11630921298638
"V3",6.50130912894383
"V4",4.28436234593391
"V5",1.88988726586103
"V6",5.69874373963103
"V7",3.57163713080809
"V8",4.43756169639528
"V9",4.3264288152568
"V10",6.24010061146691
"V11",6.46274344297126
"V12",3.77939074765891
"V13",8.4598255250603
"V14",0
"V15",0
"V16",0
"V17",0
"V18",0
"V19",0
"V20",0
"V21",0
"V22",0
"V23",0
"V24",0
"V25",0
