"names","vals"
"Intercept",-14.0348791469587
"V1",7.37740149488673
"V2",7.33086430467665
"V3",4.54210937488824
"V4",6.32693136110902
"V5",2.87535277893767
"V6",0
"V7",0
"V8",0
"V9",0
"V10",0
