"names","vals"
"Intercept",-16.4409167970181
"V1",2.3579970933497
"V2",8.68632634170353
"V3",1.90038649132475
"V4",2.15042744530365
"V5",9.1782144503668
"V6",0
"V7",0
"V8",0
"V9",0
"V10",0
