"names","vals"
"Intercept",-29.9447924254036
"V1",0.92940054833889
"V2",8.07813459075987
"V3",8.75633170595393
"V4",7.30064323870465
"V5",5.13028664747253
"V6",6.8124901666306
"V7",4.66425083344802
"V8",5.95652178162709
"V9",1.02860130835325
"V10",9.1049483558163
"V11",6.56522122677416
"V12",2.0038932049647
"V13",1.86734308954328
"V14",0
"V15",0
"V16",0
"V17",0
"V18",0
"V19",0
"V20",0
"V21",0
"V22",0
"V23",0
"V24",0
"V25",0
