"names","vals"
"Intercept",-8.70681208455547
"V1",2.95479888329282
"V2",3.36837767390534
"V3",9.19029446551576
"V4",7.79328629141673
"V5",0.0379418861120939
"V6",0
"V7",0
"V8",0
"V9",0
"V10",0
