"names","vals"
"Intercept",-8.26466137532844
"V1",8.34963358473033
"V2",9.51800156850368
"V3",9.05696244211867
"V4",4.10607097903267
"V5",5.874437042512
"V6",0
"V7",0
"V8",0
"V9",0
"V10",0
