"names","vals"
"Intercept",-31.3865533665594
"V1",1.28005149541423
"V2",8.63754134159535
"V3",1.39813244342804
"V4",6.02076293667778
"V5",3.64770270651206
"V6",4.51036209706217
"V7",3.29717110143974
"V8",9.68828881159425
"V9",9.47219477267936
"V10",0.253235881682485
"V11",1.76447789883241
"V12",8.10382464202121
"V13",4.08066113479435
"V14",0
"V15",0
"V16",0
"V17",0
"V18",0
"V19",0
"V20",0
"V21",0
"V22",0
"V23",0
"V24",0
"V25",0
