"names","vals"
"Intercept",-33.2045665317814
"V1",9.3564392067492
"V2",9.69478220678866
"V3",2.26680070161819
"V4",7.2723449813202
"V5",7.82173317391425
"V6",6.94721648003906
"V7",7.37615937832743
"V8",5.94421027693897
"V9",3.87012564577162
"V10",6.64868789259344
"V11",0.0746279046870768
"V12",4.65001070173457
"V13",1.62357738707215
"V14",0
"V15",0
"V16",0
"V17",0
"V18",0
"V19",0
"V20",0
"V21",0
"V22",0
"V23",0
"V24",0
"V25",0
