"names","vals"
"Intercept",-35.1130594782922
"V1",5.3328332467936
"V2",3.49650197662413
"V3",3.57011092826724
"V4",5.47022251179442
"V5",9.81228138552979
"V6",5.69012711523101
"V7",0.899736627470702
"V8",2.11661290144548
"V9",3.5816429136321
"V10",7.73317479528487
"V11",6.6447014757432
"V12",6.19129367172718
"V13",5.54291537497193
"V14",0
"V15",0
"V16",0
"V17",0
"V18",0
"V19",0
"V20",0
"V21",0
"V22",0
"V23",0
"V24",0
"V25",0
