"names","vals"
"Intercept",-13.3755259876003
"V1",8.86179583379999
"V2",0.820680249016732
"V3",1.43993113888428
"V4",7.66686284681782
"V5",5.94067994272336
"V6",0
"V7",0
"V8",0
"V9",0
"V10",0
