"names","vals"
"Intercept",-13.4813747220691
"V1",8.82587792584673
"V2",3.01299187587574
"V3",1.87090534949675
"V4",8.06402271147817
"V5",4.19885628391057
"V6",0
"V7",0
"V8",0
"V9",0
"V10",0
