"names","vals"
"Intercept",-15.5957288866901
"V1",2.69166885409504
"V2",3.26795447152108
"V3",7.45733277173713
"V4",7.08011239999905
"V5",6.10870493575931
"V6",0
"V7",0
"V8",0
"V9",0
"V10",0
