"names","vals"
"Intercept",-17.1179232818812
"V1",5.4850745969452
"V2",9.77079035015777
"V3",3.77476179972291
"V4",3.28485787846148
"V5",4.27828182233498
"V6",0
"V7",0
"V8",0
"V9",0
"V10",0
