"names","vals"
"Intercept",-37.4064651990589
"V1",6.32062314311042
"V2",7.21124273492023
"V3",5.09510745294392
"V4",8.04946202086285
"V5",0.465537926647812
"V6",5.17195977969095
"V7",5.92634877655655
"V8",6.3320768228732
"V9",1.78716628346592
"V10",9.22852364601567
"V11",7.29651362868026
"V12",8.19079510401934
"V13",8.27120685018599
"V14",0
"V15",0
"V16",0
"V17",0
"V18",0
"V19",0
"V20",0
"V21",0
"V22",0
"V23",0
"V24",0
"V25",0
