"names","vals"
"Intercept",-39.7436591021735
"V1",8.47924104426056
"V2",1.57761564012617
"V3",1.1863881489262
"V4",6.11747974995524
"V5",3.72221111087129
"V6",8.55258872034028
"V7",0.788884712383151
"V8",2.17941854381934
"V9",4.49616393772885
"V10",9.34006771771237
"V11",9.76552646607161
"V12",2.38604743266478
"V13",8.53544575395063
"V14",0
"V15",0
"V16",0
"V17",0
"V18",0
"V19",0
"V20",0
"V21",0
"V22",0
"V23",0
"V24",0
"V25",0
