"names","vals"
"Intercept",-27.3904951903466
"V1",2.55794133758172
"V2",7.39486701088026
"V3",3.65962733514607
"V4",3.4218936576508
"V5",1.1380841769278
"V6",4.00695009389892
"V7",5.7832061778754
"V8",6.73926535760984
"V9",4.40455336589366
"V10",7.70980490371585
"V11",2.84957158612087
"V12",0.0730547145940363
"V13",3.66607465781271
"V14",0
"V15",0
"V16",0
"V17",0
"V18",0
"V19",0
"V20",0
"V21",0
"V22",0
"V23",0
"V24",0
"V25",0
