"names","vals"
"Intercept",-53.5952240788434
"V1",7.86189469275996
"V2",8.95968015771359
"V3",4.99475407646969
"V4",7.46578255901113
"V5",2.98933428246528
"V6",9.61107579991221
"V7",8.8758487557061
"V8",7.30536754708737
"V9",0.0182098522782326
"V10",8.18002719199285
"V11",7.36638826550916
"V12",2.53719692351297
"V13",0.627227029763162
"V14",0
"V15",0
"V16",0
"V17",0
"V18",0
"V19",0
"V20",0
"V21",0
"V22",0
"V23",0
"V24",0
"V25",0
