"names","vals"
"Intercept",-8.53421480031684
"V1",5.18474329961464
"V2",2.73519786307588
"V3",0.206309580244124
"V4",1.92986892536283
"V5",5.1974859694019
"V6",0
"V7",0
"V8",0
"V9",0
"V10",0
