"names","vals"
"Intercept",-44.6518047808732
"V1",4.5085731218569
"V2",0.816319908481091
"V3",6.68381612282246
"V4",6.90207314910367
"V5",6.95731938350946
"V6",9.79395567905158
"V7",5.05623903125525
"V8",7.04406140837818
"V9",3.58987774932757
"V10",8.93878924194723
"V11",6.82285199873149
"V12",3.71852490818128
"V13",9.04845178825781
"V14",0
"V15",0
"V16",0
"V17",0
"V18",0
"V19",0
"V20",0
"V21",0
"V22",0
"V23",0
"V24",0
"V25",0
