"names","vals"
"Intercept",-11.5456190137997
"V1",2.05082264030352
"V2",9.83093106653541
"V3",4.36456511029974
"V4",8.88543024426326
"V5",5.98889730870724
"V6",0
"V7",0
"V8",0
"V9",0
"V10",0
