"names","vals"
"Intercept",-5.50863084273148
"V1",2.06161471316591
"V2",1.91211939789355
"V3",3.40128283249214
"V4",3.19917639018968
"V5",8.49357984494418
"V6",0
"V7",0
"V8",0
"V9",0
"V10",0
