"names","vals"
"Intercept",-14.1270804876112
"V1",7.96829543774948
"V2",7.34905554447323
"V3",3.86827256996185
"V4",5.08497266564518
"V5",7.7168593229726
"V6",0
"V7",0
"V8",0
"V9",0
"V10",0
