"names","vals"
"Intercept",-7.62041330040665
"V1",1.71986751956865
"V2",6.84700120007619
"V3",5.68448022007942
"V4",5.67715333541855
"V5",4.24518390791491
"V6",0
"V7",0
"V8",0
"V9",0
"V10",0
