"names","vals"
"Intercept",-6.8396726870867
"V1",2.31039555976167
"V2",6.76364202750847
"V3",4.44758727913722
"V4",7.18213459243998
"V5",9.84290624735877
"V6",0
"V7",0
"V8",0
"V9",0
"V10",0
