"names","vals"
"Intercept",-12.0647151182638
"V1",5.88345855241641
"V2",7.02028105966747
"V3",3.29043809091672
"V4",9.13000781787559
"V5",4.78350509190932
"V6",0
"V7",0
"V8",0
"V9",0
"V10",0
