"names","vals"
"Intercept",-9.77792259573048
"V1",8.27848778106272
"V2",2.59987261844799
"V3",7.51033907523379
"V4",4.14166602306068
"V5",4.69635714543983
"V6",0
"V7",0
"V8",0
"V9",0
"V10",0
