"names","vals"
"Intercept",-29.5023339956086
"V1",3.1650676112622
"V2",6.62314282497391
"V3",7.67798410262913
"V4",5.33566106576473
"V5",7.14146968210116
"V6",0.752949197776616
"V7",2.43578437017277
"V8",9.41849436378106
"V9",3.51132718613371
"V10",5.32121697906405
"V11",9.33164119720459
"V12",6.7748218588531
"V13",5.87310920236632
"V14",0
"V15",0
"V16",0
"V17",0
"V18",0
"V19",0
"V20",0
"V21",0
"V22",0
"V23",0
"V24",0
"V25",0
