"names","vals"
"Intercept",-6.80029402041885
"V1",7.79306935844943
"V2",0.859040729701519
"V3",3.6261683399789
"V4",2.27479415014386
"V5",3.06554566137493
"V6",0
"V7",0
"V8",0
"V9",0
"V10",0
