"names","vals"
"Intercept",-5.52195131690241
"V1",2.26846799021587
"V2",6.58597738947719
"V3",1.91981477662921
"V4",3.27385842334479
"V5",0.28479355154559
"V6",0
"V7",0
"V8",0
"V9",0
"V10",0
