"names","vals"
"Intercept",-14.9724145438903
"V1",8.47946062684059
"V2",5.69705041125417
"V3",6.81374864885584
"V4",4.37746201409027
"V5",0.304905467201024
"V6",0
"V7",0
"V8",0
"V9",0
"V10",0
