"names","vals"
"Intercept",-37.4550607478898
"V1",7.72896664915606
"V2",5.8203652035445
"V3",3.59330824343488
"V4",3.7191676069051
"V5",2.52451105974615
"V6",4.77436254965141
"V7",1.87153464416042
"V8",4.53497827751562
"V9",6.58320223214105
"V10",3.98877122905105
"V11",3.86353026144207
"V12",0.721548341680318
"V13",9.59957914892584
"V14",0
"V15",0
"V16",0
"V17",0
"V18",0
"V19",0
"V20",0
"V21",0
"V22",0
"V23",0
"V24",0
"V25",0
