"names","vals"
"Intercept",-40.967829362452
"V1",3.56881173327565
"V2",8.80354072432965
"V3",1.9953902438283
"V4",7.06420344067737
"V5",4.99914311571047
"V6",6.33746629115194
"V7",5.8121966291219
"V8",9.68349335249513
"V9",7.68629236146808
"V10",2.94681621016935
"V11",6.06948528438807
"V12",9.49936572927982
"V13",1.45593421999365
"V14",0
"V15",0
"V16",0
"V17",0
"V18",0
"V19",0
"V20",0
"V21",0
"V22",0
"V23",0
"V24",0
"V25",0
