"names","vals"
"Intercept",-3.79688560382929
"V1",7.5107016088441
"V2",0.37796912016347
"V3",4.96607508510351
"V4",3.55965943774208
"V5",0.95151690999046
"V6",0
"V7",0
"V8",0
"V9",0
"V10",0
