"names","vals"
"Intercept",-18.1219174645282
"V1",1.93860350409523
"V2",2.58172490401193
"V3",5.96457968931645
"V4",0.152832069434226
"V5",8.27729305950925
"V6",4.16151928016916
"V7",0.778009202331305
"V8",3.23262979276478
"V9",6.70677189249545
"V10",1.63905036170036
"V11",5.01137369545177
"V12",3.25761163374409
"V13",1.40280594816431
"V14",0
"V15",0
"V16",0
"V17",0
"V18",0
"V19",0
"V20",0
"V21",0
"V22",0
"V23",0
"V24",0
"V25",0
