"names","vals"
"Intercept",-18.1699721753177
"V1",0.00296634156256914
"V2",8.36851437110454
"V3",0.538428858853877
"V4",5.19101595273241
"V5",9.71717337612063
"V6",0
"V7",0
"V8",0
"V9",0
"V10",0
