"names","vals"
"Intercept",-19.3669242627205
"V1",6.21802917215973
"V2",4.97707503382117
"V3",1.09588647959754
"V4",8.01625477382913
"V5",0.405207222793251
"V6",6.29889633040875
"V7",1.8659604433924
"V8",5.64155189320445
"V9",6.28024667268619
"V10",7.71290490403771
"V11",0.516625992022455
"V12",3.04190093418583
"V13",6.09906401252374
"V14",0
"V15",0
"V16",0
"V17",0
"V18",0
"V19",0
"V20",0
"V21",0
"V22",0
"V23",0
"V24",0
"V25",0
