"names","vals"
"Intercept",-12.3215092966915
"V1",4.21020651934668
"V2",1.38837608508766
"V3",6.09040445182472
"V4",7.07147925160825
"V5",5.35928429570049
"V6",0
"V7",0
"V8",0
"V9",0
"V10",0
