"names","vals"
"Intercept",-22.6840057219312
"V1",4.84076253604144
"V2",4.79419065872207
"V3",1.19795173639432
"V4",2.38135863328353
"V5",1.6344809345901
"V6",3.30923701403663
"V7",4.8451435752213
"V8",5.08110841270536
"V9",7.89067614357919
"V10",3.06562674697489
"V11",6.08216677093878
"V12",2.42911195615306
"V13",0.870131738483906
"V14",0
"V15",0
"V16",0
"V17",0
"V18",0
"V19",0
"V20",0
"V21",0
"V22",0
"V23",0
"V24",0
"V25",0
