"names","vals"
"Intercept",-12.5683690071766
"V1",5.87051501497626
"V2",4.90710402838886
"V3",8.66146147949621
"V4",1.12620292464271
"V5",9.91753781680018
"V6",0
"V7",0
"V8",0
"V9",0
"V10",0
