"names","vals"
"Intercept",-32.2955002484377
"V1",2.98429343849421
"V2",9.1957765026018
"V3",3.51957050152123
"V4",8.98423721082509
"V5",6.42206185264513
"V6",4.2205799696967
"V7",5.29414168093354
"V8",7.45143014471978
"V9",2.88805020973086
"V10",1.28187058493495
"V11",3.22717274772003
"V12",7.00856449780986
"V13",5.17670494271442
"V14",0
"V15",0
"V16",0
"V17",0
"V18",0
"V19",0
"V20",0
"V21",0
"V22",0
"V23",0
"V24",0
"V25",0
