"names","vals"
"Intercept",-12.8221198442664
"V1",9.59751628572121
"V2",1.05304254451767
"V3",4.10546171013266
"V4",4.71422823378816
"V5",3.99262309074402
"V6",0
"V7",0
"V8",0
"V9",0
"V10",0
