"names","vals"
"Intercept",-25.1494159054982
"V1",3.80347714293748
"V2",2.63345984276384
"V3",5.07540084421635
"V4",8.13989138230681
"V5",5.66979326540604
"V6",6.84843375347555
"V7",7.14812682243064
"V8",2.40215565543622
"V9",0.337691630702466
"V10",5.5000924738124
"V11",5.60661764582619
"V12",7.900737633463
"V13",2.06449887249619
"V14",0
"V15",0
"V16",0
"V17",0
"V18",0
"V19",0
"V20",0
"V21",0
"V22",0
"V23",0
"V24",0
"V25",0
