"names","vals"
"Intercept",-28.3385631680936
"V1",1.2955460511148
"V2",4.06831896398216
"V3",4.63856006972492
"V4",2.2887017740868
"V5",5.75293265283108
"V6",8.47005045507103
"V7",5.75121121946722
"V8",3.90662286663428
"V9",2.00086288386956
"V10",4.36071994248778
"V11",9.20255874283612
"V12",6.72193403588608
"V13",6.80862318025902
"V14",0
"V15",0
"V16",0
"V17",0
"V18",0
"V19",0
"V20",0
"V21",0
"V22",0
"V23",0
"V24",0
"V25",0
