"names","vals"
"Intercept",-14.5088088736129
"V1",6.90194458467886
"V2",0.81553241237998
"V3",8.87810767628253
"V4",8.79396765260026
"V5",4.20085754944012
"V6",0
"V7",0
"V8",0
"V9",0
"V10",0
