"names","vals"
"Intercept",-18.9033378550051
"V1",2.13582667522132
"V2",0.326884808018804
"V3",9.67625197954476
"V4",1.5648875082843
"V5",3.06737861363217
"V6",2.22147949039936
"V7",2.33082234859467
"V8",7.00644058641046
"V9",9.65194609481841
"V10",2.9884867486544
"V11",2.05703095765784
"V12",2.68269709078595
"V13",0.904809201601893
"V14",0
"V15",0
"V16",0
"V17",0
"V18",0
"V19",0
"V20",0
"V21",0
"V22",0
"V23",0
"V24",0
"V25",0
