"names","vals"
"Intercept",-30.3882493610219
"V1",1.62968714954332
"V2",2.16414124704897
"V3",5.42536213761196
"V4",9.91427695844322
"V5",7.09082461893559
"V6",9.89036473911256
"V7",5.19560685381293
"V8",5.9140878287144
"V9",4.75219535175711
"V10",0.935764261521399
"V11",2.36522756516933
"V12",4.62628415320069
"V13",1.3523186952807
"V14",0
"V15",0
"V16",0
"V17",0
"V18",0
"V19",0
"V20",0
"V21",0
"V22",0
"V23",0
"V24",0
"V25",0
