"names","vals"
"Intercept",-9.99857263634913
"V1",4.19388812035322
"V2",9.90616502705961
"V3",2.76672542560846
"V4",7.66521820100024
"V5",4.29628054378554
"V6",0
"V7",0
"V8",0
"V9",0
"V10",0
