"names","vals"
"Intercept",-35.7707651516627
"V1",6.79215853102505
"V2",2.74771884083748
"V3",9.25088651711121
"V4",4.97978547587991
"V5",3.46543643157929
"V6",7.55736104212701
"V7",3.96866321563721
"V8",7.43100024526939
"V9",2.32109328033403
"V10",3.9877373422496
"V11",6.17374749388546
"V12",3.58187986304983
"V13",4.41630663583055
"V14",0
"V15",0
"V16",0
"V17",0
"V18",0
"V19",0
"V20",0
"V21",0
"V22",0
"V23",0
"V24",0
"V25",0
