"names","vals"
"Intercept",-8.28460300829508
"V1",5.3932440886274
"V2",1.09726262511685
"V3",8.14753937069327
"V4",5.38621080573648
"V5",0.00862065702676773
"V6",0
"V7",0
"V8",0
"V9",0
"V10",0
