"names","vals"
"Intercept",-15.8203776126145
"V1",2.25463063688949
"V2",7.83477760152891
"V3",0.0177297275513411
"V4",4.86632299609482
"V5",8.43116733711213
"V6",0
"V7",0
"V8",0
"V9",0
"V10",0
