"names","vals"
"Intercept",-9.84039799348067
"V1",9.8553654528223
"V2",0.358893179800361
"V3",9.54897794872522
"V4",3.62016953993589
"V5",6.34231670526788
"V6",0
"V7",0
"V8",0
"V9",0
"V10",0
