"names","vals"
"Intercept",-7.36170499543024
"V1",3.95102607086301
"V2",9.6177439391613
"V3",5.57032156968489
"V4",3.69760405272245
"V5",2.90144391590729
"V6",0
"V7",0
"V8",0
"V9",0
"V10",0
