"names","vals"
"Intercept",-42.2840532697054
"V1",7.56203765049577
"V2",0.662839943543077
"V3",6.20077185332775
"V4",4.92033766349778
"V5",7.71490053506568
"V6",9.69356575980783
"V7",2.19293585978448
"V8",5.10855363449082
"V9",2.87687152856961
"V10",9.46016925619915
"V11",4.16411692043766
"V12",7.94880703790113
"V13",9.9519869312644
"V14",0
"V15",0
"V16",0
"V17",0
"V18",0
"V19",0
"V20",0
"V21",0
"V22",0
"V23",0
"V24",0
"V25",0
