"names","vals"
"Intercept",-35.9667954931643
"V1",0.281701602507383
"V2",4.5824501872994
"V3",6.54260431416333
"V4",9.89064803346992
"V5",1.07761508785188
"V6",7.14763400843367
"V7",4.98783816350624
"V8",4.86059380928054
"V9",9.51474630506709
"V10",9.06402450986207
"V11",3.29884685110301
"V12",1.58021606970578
"V13",6.22943882131949
"V14",0
"V15",0
"V16",0
"V17",0
"V18",0
"V19",0
"V20",0
"V21",0
"V22",0
"V23",0
"V24",0
"V25",0
