"names","vals"
"Intercept",-37.3862315349582
"V1",6.60451849224046
"V2",2.7066942001693
"V3",8.50548449205235
"V4",1.98625036748126
"V5",8.40215693460777
"V6",9.74354447098449
"V7",4.49039268307388
"V8",5.62509340234101
"V9",3.6676270281896
"V10",9.02125862194225
"V11",1.32175904931501
"V12",6.56503710197285
"V13",3.27406435506418
"V14",0
"V15",0
"V16",0
"V17",0
"V18",0
"V19",0
"V20",0
"V21",0
"V22",0
"V23",0
"V24",0
"V25",0
