"names","vals"
"Intercept",-25.3542603356733
"V1",4.51637762831524
"V2",5.37606359226629
"V3",4.53512908425182
"V4",0.480169609654695
"V5",1.99500600341707
"V6",3.23772108415142
"V7",6.40274760546163
"V8",2.11115919053555
"V9",1.97710478212684
"V10",4.53441616613418
"V11",8.2039684173651
"V12",8.77394624985754
"V13",0.257734491024166
"V14",0
"V15",0
"V16",0
"V17",0
"V18",0
"V19",0
"V20",0
"V21",0
"V22",0
"V23",0
"V24",0
"V25",0
