"names","vals"
"Intercept",-17.2366214921506
"V1",5.72576420614496
"V2",4.1761866514571
"V3",3.28046503476799
"V4",3.89749543508515
"V5",9.60184357594699
"V6",0
"V7",0
"V8",0
"V9",0
"V10",0
