"names","vals"
"Intercept",-11.3865991131206
"V1",3.70488583110273
"V2",4.37676434637979
"V3",3.66970252711326
"V4",7.50674225855619
"V5",1.96629657410085
"V6",0
"V7",0
"V8",0
"V9",0
"V10",0
