"names","vals"
"Intercept",-28.0402979170584
"V1",9.88383837044239
"V2",5.19368594046682
"V3",0.096761011518538
"V4",0.464793550781906
"V5",2.26339925080538
"V6",0.312916075345129
"V7",1.83224088745192
"V8",1.12952593713999
"V9",7.82048015156761
"V10",9.26060686353594
"V11",5.13962447177619
"V12",7.76973006315529
"V13",4.08740211743861
"V14",0
"V15",0
"V16",0
"V17",0
"V18",0
"V19",0
"V20",0
"V21",0
"V22",0
"V23",0
"V24",0
"V25",0
