"names","vals"
"Intercept",-13.2237952283901
"V1",7.04941748408601
"V2",3.68430446367711
"V3",4.73676659632474
"V4",0.915132858790457
"V5",5.12314116815105
"V6",0
"V7",0
"V8",0
"V9",0
"V10",0
