"names","vals"
"Intercept",-12.9336367089767
"V1",7.22834556363523
"V2",0.445352557580918
"V3",9.98905245447531
"V4",8.82665098877624
"V5",2.5014236336574
"V6",0
"V7",0
"V8",0
"V9",0
"V10",0
