"names","vals"
"Intercept",-25.9939604939095
"V1",2.08687915932387
"V2",3.57774974545464
"V3",5.22127750562504
"V4",1.69817311922088
"V5",0.297942881006747
"V6",1.47043215343729
"V7",1.71910101315007
"V8",8.73991526663303
"V9",1.82529561920092
"V10",4.60102727171034
"V11",7.42593433940783
"V12",4.16188980219886
"V13",7.81516714021564
"V14",0
"V15",0
"V16",0
"V17",0
"V18",0
"V19",0
"V20",0
"V21",0
"V22",0
"V23",0
"V24",0
"V25",0
