"names","vals"
"Intercept",-30.9274265696893
"V1",2.5939338398166
"V2",5.85851011099294
"V3",1.46721448749304
"V4",5.15077668474987
"V5",5.06940578110516
"V6",1.18253907188773
"V7",7.40582483587787
"V8",6.70915363589302
"V9",0.717305415309966
"V10",0.155399350915104
"V11",8.48077268106863
"V12",6.23876696452498
"V13",7.10100037744269
"V14",0
"V15",0
"V16",0
"V17",0
"V18",0
"V19",0
"V20",0
"V21",0
"V22",0
"V23",0
"V24",0
"V25",0
