"names","vals"
"Intercept",-11.1238374588376
"V1",2.75721600977704
"V2",1.75360157852992
"V3",6.16251987637952
"V4",0.782956797629595
"V5",5.87243771413341
"V6",0
"V7",0
"V8",0
"V9",0
"V10",0
