"names","vals"
"Intercept",-29.7338231774451
"V1",5.02601277083158
"V2",3.77574276877567
"V3",1.3663254189305
"V4",4.75084276404232
"V5",1.88956320052966
"V6",2.74901510914788
"V7",2.60477514471859
"V8",6.76107339095324
"V9",3.81286239018664
"V10",5.2116797468625
"V11",6.16694907890633
"V12",3.21839853888378
"V13",7.58391628973186
"V14",0
"V15",0
"V16",0
"V17",0
"V18",0
"V19",0
"V20",0
"V21",0
"V22",0
"V23",0
"V24",0
"V25",0
