"names","vals"
"Intercept",-8.6844265092493
"V1",1.5230964589864
"V2",2.49485853128135
"V3",1.16523675620556
"V4",3.19104952737689
"V5",5.90876994188875
"V6",0
"V7",0
"V8",0
"V9",0
"V10",0
