"names","vals"
"Intercept",-33.2228355943824
"V1",9.97606917051598
"V2",0.705479686148465
"V3",8.59577780356631
"V4",2.37086449749768
"V5",6.13726758165285
"V6",3.95355003885925
"V7",5.52091263700277
"V8",7.04797062557191
"V9",1.72389702405781
"V10",3.58999529387802
"V11",2.81963366083801
"V12",8.58133619884029
"V13",9.58370048319921
"V14",0
"V15",0
"V16",0
"V17",0
"V18",0
"V19",0
"V20",0
"V21",0
"V22",0
"V23",0
"V24",0
"V25",0
