"names","vals"
"Intercept",-4.10365214847832
"V1",1.34526948910207
"V2",1.87314333161339
"V3",1.79474587086588
"V4",0.335496715269983
"V5",4.90391781786457
"V6",0
"V7",0
"V8",0
"V9",0
"V10",0
