"names","vals"
"Intercept",-38.5797899508849
"V1",6.8155148322694
"V2",3.59303429257125
"V3",1.95085681742057
"V4",5.51701937103644
"V5",4.44949677446857
"V6",7.84891933202744
"V7",1.5542613947764
"V8",3.01092527341098
"V9",7.65898832585663
"V10",5.98705188371241
"V11",9.62240935303271
"V12",6.96187005611137
"V13",3.96448213141412
"V14",0
"V15",0
"V16",0
"V17",0
"V18",0
"V19",0
"V20",0
"V21",0
"V22",0
"V23",0
"V24",0
"V25",0
