"names","vals"
"Intercept",-10.5272699898574
"V1",7.7626781235449
"V2",4.5790150645189
"V3",4.85122889978811
"V4",2.15212968876585
"V5",0.62867732020095
"V6",0
"V7",0
"V8",0
"V9",0
"V10",0
