"names","vals"
"Intercept",-26.5282322109012
"V1",5.16660980181769
"V2",4.58752839593217
"V3",5.45964617049322
"V4",2.31758396606892
"V5",2.32804224360734
"V6",9.73313606576994
"V7",4.27967890165746
"V8",6.65529465535656
"V9",6.1662236507982
"V10",5.09942475240678
"V11",4.47667016182095
"V12",7.03146367333829
"V13",0.450571689289063
"V14",0
"V15",0
"V16",0
"V17",0
"V18",0
"V19",0
"V20",0
"V21",0
"V22",0
"V23",0
"V24",0
"V25",0
