"names","vals"
"Intercept",-14.0090166237904
"V1",4.84999116044492
"V2",4.09562962595373
"V3",9.63349930476397
"V4",5.65137578872964
"V5",2.11777420947328
"V6",0
"V7",0
"V8",0
"V9",0
"V10",0
