"names","vals"
"Intercept",-8.1924963372061
"V1",3.393809562549
"V2",6.50619700318202
"V3",8.04475241340697
"V4",2.77272068429738
"V5",1.50521806441247
"V6",0
"V7",0
"V8",0
"V9",0
"V10",0
