"names","vals"
"Intercept",-18.1698965390255
"V1",7.56828688783571
"V2",4.15955425705761
"V3",5.18437574850395
"V4",2.20879290252924
"V5",7.66260297503322
"V6",0
"V7",0
"V8",0
"V9",0
"V10",0
