"names","vals"
"Intercept",-10.155914919145
"V1",2.06691442755982
"V2",5.59816847555339
"V3",0.157978306524456
"V4",3.90479837078601
"V5",6.19969414314255
"V6",0
"V7",0
"V8",0
"V9",0
"V10",0
