"names","vals"
"Intercept",-11.5949997426593
"V1",5.19054660806432
"V2",4.56859110156074
"V3",5.36510935053229
"V4",8.01971152890474
"V5",1.24485489912331
"V6",0
"V7",0
"V8",0
"V9",0
"V10",0
