"names","vals"
"Intercept",-36.0753739102806
"V1",8.01325841341168
"V2",5.87555116973817
"V3",9.76287902565673
"V4",1.15592464338988
"V5",1.46087598288432
"V6",6.75065167015418
"V7",9.47946564061567
"V8",1.74142454052344
"V9",8.40738365193829
"V10",0.960915295872837
"V11",5.54903835058212
"V12",2.15910324361175
"V13",9.06700178980827
"V14",0
"V15",0
"V16",0
"V17",0
"V18",0
"V19",0
"V20",0
"V21",0
"V22",0
"V23",0
"V24",0
"V25",0
