"names","vals"
"Intercept",-14.8756565878284
"V1",7.97245862428099
"V2",7.60418037185445
"V3",9.37035619979724
"V4",0.059149086009711
"V5",4.76991984294727
"V6",0
"V7",0
"V8",0
"V9",0
"V10",0
