"names","vals"
"Intercept",-11.4950714539232
"V1",9.24293766496703
"V2",2.84098209813237
"V3",4.37117597088218
"V4",7.3372816038318
"V5",4.44747689412907
"V6",0
"V7",0
"V8",0
"V9",0
"V10",0
