"names","vals"
"Intercept",-27.2292023200542
"V1",6.40996587928385
"V2",3.14323357306421
"V3",3.15937531646341
"V4",5.95880365232006
"V5",1.41762738116086
"V6",6.2671685568057
"V7",6.29374803276733
"V8",7.97061753459275
"V9",7.01053980505094
"V10",1.84298079926521
"V11",4.57031834172085
"V12",4.15995578048751
"V13",3.97713244426996
"V14",0
"V15",0
"V16",0
"V17",0
"V18",0
"V19",0
"V20",0
"V21",0
"V22",0
"V23",0
"V24",0
"V25",0
