"names","vals"
"Intercept",-17.4520413929635
"V1",9.63513539871201
"V2",6.5138784237206
"V3",6.03205014020205
"V4",5.3099038428627
"V5",1.80880807107314
"V6",0
"V7",0
"V8",0
"V9",0
"V10",0
