"names","vals"
"Intercept",-21.5159777324162
"V1",0.657586129382253
"V2",3.82172503974289
"V3",0.534617945086211
"V4",6.18413566146046
"V5",8.15484288847074
"V6",0.839479365386069
"V7",3.94086836604401
"V8",1.56977843027562
"V9",0.627275707665831
"V10",5.36653654649854
"V11",4.28448382997885
"V12",5.83190168486908
"V13",1.38778175227344
"V14",0
"V15",0
"V16",0
"V17",0
"V18",0
"V19",0
"V20",0
"V21",0
"V22",0
"V23",0
"V24",0
"V25",0
