"names","vals"
"Intercept",-11.6617762632862
"V1",8.08282328071073
"V2",0.897311232984066
"V3",4.43465618183836
"V4",7.57436405867338
"V5",2.00447300914675
"V6",0
"V7",0
"V8",0
"V9",0
"V10",0
