"names","vals"
"Intercept",-16.3636298875578
"V1",4.70147373154759
"V2",9.58676949841902
"V3",4.54360683914274
"V4",6.17484883405268
"V5",5.79351636348292
"V6",0
"V7",0
"V8",0
"V9",0
"V10",0
