"names","vals"
"Intercept",-32.8426598291911
"V1",8.20168173173442
"V2",1.97818869259208
"V3",2.63131234562024
"V4",5.72918045101687
"V5",9.23995182616636
"V6",6.82178115239367
"V7",8.43714626738802
"V8",7.33019778039306
"V9",2.90630688657984
"V10",1.80986494291574
"V11",9.83663082821295
"V12",5.91894161421806
"V13",8.79482444841415
"V14",0
"V15",0
"V16",0
"V17",0
"V18",0
"V19",0
"V20",0
"V21",0
"V22",0
"V23",0
"V24",0
"V25",0
