"names","vals"
"Intercept",-37.2649669222977
"V1",1.44810566445813
"V2",7.25152601255104
"V3",7.31212707003579
"V4",7.68563507124782
"V5",2.46924609644338
"V6",9.43541056476533
"V7",0.158703252673149
"V8",0.852725422009826
"V9",2.31505471514538
"V10",0.447179602924734
"V11",9.4134237174876
"V12",7.89146160474047
"V13",4.24248516559601
"V14",0
"V15",0
"V16",0
"V17",0
"V18",0
"V19",0
"V20",0
"V21",0
"V22",0
"V23",0
"V24",0
"V25",0
