"names","vals"
"Intercept",-29.5031265436006
"V1",1.62645693402737
"V2",3.63111078040674
"V3",4.51327000744641
"V4",8.44213700387627
"V5",3.30477791605517
"V6",5.53209500620142
"V7",8.87876385590062
"V8",4.45649509551004
"V9",0.0417635170742869
"V10",5.5623341887258
"V11",6.05710680829361
"V12",8.33935437723994
"V13",4.63190245907754
"V14",0
"V15",0
"V16",0
"V17",0
"V18",0
"V19",0
"V20",0
"V21",0
"V22",0
"V23",0
"V24",0
"V25",0
