"names","vals"
"Intercept",-11.9205655870007
"V1",9.94714452186599
"V2",2.93338418006897
"V3",1.04630102403462
"V4",2.52398720243946
"V5",3.8781062932685
"V6",0
"V7",0
"V8",0
"V9",0
"V10",0
