"names","vals"
"Intercept",-18.0777297473723
"V1",0.196717863436788
"V2",8.26809276361018
"V3",5.12627575313672
"V4",6.01953297154978
"V5",4.80701350839809
"V6",0
"V7",0
"V8",0
"V9",0
"V10",0
