"names","vals"
"Intercept",-33.2756732969669
"V1",8.01109576364979
"V2",5.56828443193808
"V3",8.41769743245095
"V4",9.26103232195601
"V5",0.188059869688004
"V6",0.71076336549595
"V7",3.36249157786369
"V8",1.69276075903326
"V9",4.15239614667371
"V10",0.126304994337261
"V11",4.50090019963682
"V12",3.96449821535498
"V13",6.47950032027438
"V14",0
"V15",0
"V16",0
"V17",0
"V18",0
"V19",0
"V20",0
"V21",0
"V22",0
"V23",0
"V24",0
"V25",0
