"names","vals"
"Intercept",-31.862701418198
"V1",1.74386465689167
"V2",6.49313797941431
"V3",1.77645213436335
"V4",4.97247299645096
"V5",7.03659737482667
"V6",7.22437869990245
"V7",2.45860534487292
"V8",4.76206748746336
"V9",2.65452302061021
"V10",8.91198525670916
"V11",9.01801746105775
"V12",2.61417535599321
"V13",4.22570240451023
"V14",0
"V15",0
"V16",0
"V17",0
"V18",0
"V19",0
"V20",0
"V21",0
"V22",0
"V23",0
"V24",0
"V25",0
