"names","vals"
"Intercept",-9.8997650197479
"V1",1.26926406053826
"V2",8.8323292369023
"V3",5.44530752580613
"V4",0.686319950036705
"V5",7.31854834826663
"V6",0
"V7",0
"V8",0
"V9",0
"V10",0
