"names","vals"
"Intercept",-31.3359818156543
"V1",7.97202571760863
"V2",3.65524744149297
"V3",4.44724905537441
"V4",9.74592952057719
"V5",5.15117971459404
"V6",3.33853372605518
"V7",5.07457984844223
"V8",4.34795106993988
"V9",5.82460860954598
"V10",1.87749934382737
"V11",1.11923713237047
"V12",0.592431090772152
"V13",8.9326971094124
"V14",0
"V15",0
"V16",0
"V17",0
"V18",0
"V19",0
"V20",0
"V21",0
"V22",0
"V23",0
"V24",0
"V25",0
