"names","vals"
"Intercept",-10.5565655933533
"V1",7.19783363165334
"V2",0.576881496235728
"V3",4.52351085375994
"V4",0.529656447470188
"V5",8.82663913536817
"V6",0
"V7",0
"V8",0
"V9",0
"V10",0
