"names","vals"
"Intercept",-11.3093144348357
"V1",1.77077917847782
"V2",8.33542394451797
"V3",8.5429236269556
"V4",8.31076655071229
"V5",3.30484949983656
"V6",0
"V7",0
"V8",0
"V9",0
"V10",0
