"names","vals"
"Intercept",-8.02204272833187
"V1",2.00214452575892
"V2",6.85218595666811
"V3",9.1687577450648
"V4",2.84399457275867
"V5",1.04650127934292
"V6",0
"V7",0
"V8",0
"V9",0
"V10",0
