"names","vals"
"Intercept",-13.2008558213414
"V1",6.78719078423455
"V2",0.808999368455261
"V3",1.70453335391358
"V4",9.90320187760517
"V5",3.2042632624507
"V6",0
"V7",0
"V8",0
"V9",0
"V10",0
