"names","vals"
"Intercept",-7.40275346807903
"V1",3.15019555622712
"V2",3.57099815970287
"V3",4.17750490130857
"V4",0.194198240060359
"V5",2.45711958501488
"V6",0
"V7",0
"V8",0
"V9",0
"V10",0
