"names","vals"
"Intercept",-38.3062771690357
"V1",1.41184710664675
"V2",0.664235276635736
"V3",9.92250489071012
"V4",7.13280555093661
"V5",6.63447725353763
"V6",1.49163763038814
"V7",1.40585947781801
"V8",1.31026447750628
"V9",8.08336197631434
"V10",9.67373063554987
"V11",3.44370801467448
"V12",8.48423138959333
"V13",5.06046087713912
"V14",0
"V15",0
"V16",0
"V17",0
"V18",0
"V19",0
"V20",0
"V21",0
"V22",0
"V23",0
"V24",0
"V25",0
