"names","vals"
"Intercept",-22.9129946743524
"V1",1.59449291415513
"V2",9.0192236378789
"V3",4.86904551507905
"V4",9.02531365398318
"V5",7.04450753051788
"V6",4.91222774842754
"V7",1.08658708864823
"V8",1.0896221222356
"V9",1.40876556513831
"V10",7.49147752998397
"V11",5.54591785883531
"V12",3.89125435613096
"V13",0.79460384324193
"V14",0
"V15",0
"V16",0
"V17",0
"V18",0
"V19",0
"V20",0
"V21",0
"V22",0
"V23",0
"V24",0
"V25",0
