"names","vals"
"Intercept",-32.492740516797
"V1",4.09659799421206
"V2",6.38485645875335
"V3",2.09136256715283
"V4",4.62747495155782
"V5",0.810589480679482
"V6",0.209223823621869
"V7",8.73249710770324
"V8",5.80219529569149
"V9",6.20399079984054
"V10",0.801034895703197
"V11",8.88512402074412
"V12",9.06430409755558
"V13",8.91154848737642
"V14",0
"V15",0
"V16",0
"V17",0
"V18",0
"V19",0
"V20",0
"V21",0
"V22",0
"V23",0
"V24",0
"V25",0
