"names","vals"
"Intercept",-7.00274808776391
"V1",4.6835906477645
"V2",8.43432479770854
"V3",6.00163544993848
"V4",4.72573531093076
"V5",1.52211266569793
"V6",0
"V7",0
"V8",0
"V9",0
"V10",0
