"names","vals"
"Intercept",-33.1723836813867
"V1",2.74630668573081
"V2",8.28741311561316
"V3",4.16808861773461
"V4",5.75129257282242
"V5",2.88834809791297
"V6",5.2935252408497
"V7",2.08679013187066
"V8",1.12596995197237
"V9",2.37180588766932
"V10",3.87419847073033
"V11",8.72058142675087
"V12",9.78099290281534
"V13",3.75854614656419
"V14",0
"V15",0
"V16",0
"V17",0
"V18",0
"V19",0
"V20",0
"V21",0
"V22",0
"V23",0
"V24",0
"V25",0
