"names","vals"
"Intercept",-30.5112623893989
"V1",2.04203964909539
"V2",6.83459350373596
"V3",8.90533089870587
"V4",9.24126930069178
"V5",8.86543235974386
"V6",1.32524646818638
"V7",3.8500328338705
"V8",2.84091829322278
"V9",4.08301901537925
"V10",7.75142961414531
"V11",4.44670056924224
"V12",3.04565702565014
"V13",8.80619992967695
"V14",0
"V15",0
"V16",0
"V17",0
"V18",0
"V19",0
"V20",0
"V21",0
"V22",0
"V23",0
"V24",0
"V25",0
