"names","vals"
"Intercept",-27.3194842744973
"V1",4.96573501266539
"V2",9.28846678696573
"V3",0.136766901705414
"V4",0.465204396750778
"V5",0.247360493522137
"V6",5.17545549198985
"V7",6.15465671289712
"V8",7.48775159940124
"V9",0.0571896997280419
"V10",2.97057916643098
"V11",6.74732612911612
"V12",7.4962651450187
"V13",2.50448777340353
"V14",0
"V15",0
"V16",0
"V17",0
"V18",0
"V19",0
"V20",0
"V21",0
"V22",0
"V23",0
"V24",0
"V25",0
