"names","vals"
"Intercept",-25.6349599429965
"V1",2.51086870208383
"V2",8.34974772064015
"V3",7.49476714525372
"V4",0.841193560045213
"V5",3.71150776511058
"V6",5.44281400972977
"V7",2.70509781781584
"V8",0.173186301253736
"V9",0.154221244156361
"V10",2.145836353302
"V11",3.05867592338473
"V12",0.606619247701019
"V13",3.24466491350904
"V14",0
"V15",0
"V16",0
"V17",0
"V18",0
"V19",0
"V20",0
"V21",0
"V22",0
"V23",0
"V24",0
"V25",0
