"names","vals"
"Intercept",-33.5960158961492
"V1",2.93975217267871
"V2",7.36151859164238
"V3",0.508916520047933
"V4",5.69435692857951
"V5",7.69753897096962
"V6",5.4011805402115
"V7",8.82280772551894
"V8",5.81831835210323
"V9",7.16161977965385
"V10",0.296766543760896
"V11",6.22153261210769
"V12",9.47882018983364
"V13",4.60828978801146
"V14",0
"V15",0
"V16",0
"V17",0
"V18",0
"V19",0
"V20",0
"V21",0
"V22",0
"V23",0
"V24",0
"V25",0
