"names","vals"
"Intercept",-29.6431207353316
"V1",0.650845728814602
"V2",8.5937766963616
"V3",4.090817628894
"V4",0.122516099363565
"V5",7.15187583351508
"V6",5.28594393515959
"V7",3.66516437847167
"V8",7.15485806576908
"V9",9.94306225096807
"V10",4.82826472260058
"V11",5.88403860572726
"V12",3.53253634180874
"V13",0.544635483529419
"V14",0
"V15",0
"V16",0
"V17",0
"V18",0
"V19",0
"V20",0
"V21",0
"V22",0
"V23",0
"V24",0
"V25",0
