"names","vals"
"Intercept",-32.4703194003347
"V1",0.746359890326858
"V2",5.58035287307575
"V3",3.28769762767479
"V4",2.26913580670953
"V5",9.21611945144832
"V6",8.54543523164466
"V7",9.65762042207643
"V8",5.23681725142524
"V9",9.7699789586477
"V10",7.82378485659137
"V11",2.0902232080698
"V12",5.77232096577063
"V13",5.46488331630826
"V14",0
"V15",0
"V16",0
"V17",0
"V18",0
"V19",0
"V20",0
"V21",0
"V22",0
"V23",0
"V24",0
"V25",0
