"names","vals"
"Intercept",-13.4874251253628
"V1",4.37100101727992
"V2",5.96062983619049
"V3",0.843512774445117
"V4",8.50876098498702
"V5",9.29589020088315
"V6",0
"V7",0
"V8",0
"V9",0
"V10",0
