"names","vals"
"Intercept",-15.6794987737434
"V1",9.36288096476346
"V2",5.16727317124605
"V3",2.93480719905347
"V4",6.47352275671437
"V5",1.74904057290405
"V6",0
"V7",0
"V8",0
"V9",0
"V10",0
