"names","vals"
"Intercept",-37.7623693747246
"V1",0.729999104514718
"V2",9.96697710826993
"V3",9.38885265728459
"V4",2.17139665503055
"V5",4.50777690624818
"V6",9.75225150818005
"V7",0.193642901722342
"V8",9.87165240105242
"V9",7.18072558520362
"V10",4.9761758139357
"V11",4.65423002606258
"V12",1.3423805963248
"V13",5.39365421514958
"V14",0
"V15",0
"V16",0
"V17",0
"V18",0
"V19",0
"V20",0
"V21",0
"V22",0
"V23",0
"V24",0
"V25",0
