"names","vals"
"Intercept",-30.832095967859
"V1",3.39612377341837
"V2",8.51964355679229
"V3",6.66355003137141
"V4",8.78729996504262
"V5",5.13624800834805
"V6",8.93153962912038
"V7",6.25370884779841
"V8",0.703994643408805
"V9",2.5907448749058
"V10",1.19605789659545
"V11",1.76823299145326
"V12",0.433371565304697
"V13",0.540132108144462
"V14",0
"V15",0
"V16",0
"V17",0
"V18",0
"V19",0
"V20",0
"V21",0
"V22",0
"V23",0
"V24",0
"V25",0
