"names","vals"
"Intercept",-41.1907332503299
"V1",9.52906631631777
"V2",6.62073139566928
"V3",6.4336109906435
"V4",3.56512958882377
"V5",0.547614442184567
"V6",1.4705583662726
"V7",2.18991918489337
"V8",4.95340128894895
"V9",6.40289199305698
"V10",3.99615426780656
"V11",3.42404636088759
"V12",3.66043393034488
"V13",9.76588235003874
"V14",0
"V15",0
"V16",0
"V17",0
"V18",0
"V19",0
"V20",0
"V21",0
"V22",0
"V23",0
"V24",0
"V25",0
