"names","vals"
"Intercept",-30.1906723053623
"V1",1.7953070322983
"V2",7.76142201386392
"V3",1.6009112354368
"V4",8.26848840108141
"V5",8.54702465469018
"V6",8.46954373177141
"V7",5.02283479785547
"V8",2.24007491022348
"V9",7.8864930733107
"V10",0.75067670783028
"V11",0.918414541520178
"V12",2.83628923818469
"V13",4.18956570560113
"V14",0
"V15",0
"V16",0
"V17",0
"V18",0
"V19",0
"V20",0
"V21",0
"V22",0
"V23",0
"V24",0
"V25",0
