"names","vals"
"Intercept",-32.0215030211397
"V1",2.93725378578529
"V2",5.64922752324492
"V3",2.7418526308611
"V4",6.72830753261223
"V5",3.27972847037017
"V6",4.7141968132928
"V7",7.12205396033823
"V8",9.58136655623093
"V9",9.92278280900791
"V10",6.54069391079247
"V11",4.88753003999591
"V12",0.122651027049869
"V13",2.77250378159806
"V14",0
"V15",0
"V16",0
"V17",0
"V18",0
"V19",0
"V20",0
"V21",0
"V22",0
"V23",0
"V24",0
"V25",0
